id;cat_name;count
493;Дома культуры и клубы;478
495;Кинотеатры;41
498;Аттракционы в парках и на площадках;240
499;Организации, находящиеся в ведомственном подчинении Департамента жилищно-коммунального хозяйства города Москвы;29
500;Государственные казенные учреждения «Инженерные службы» районов города Москвы;120
501;(Архив) Аптеки;4121
502;Больницы детские и специализированные;15
503;Поликлиническая помощь взрослым;276
504;Госпитали для ветеранов;4
505;Поликлиническая помощь детям;208
506;Стоматологические поликлиники детские;40
507;Диспансеры;70
508;(Архив) Дома ребенка;8
509;Женские консультации;134
510;Санатории;21
512;Молочные кухни;250
514;Родильные дома;24
515;Станции переливания крови;18
516;Скорая и неотложная медицинская помощь;99
517;Больницы взрослые;45
518;Стоматологические поликлиники взрослые;67
519;Хосписы;9
520;(Архив) Паспортизация квартир в домах-новостройках, строительство которых выполнено за счет городского бюджета и по инвестиционным контрактам;1111
521;(Архив) Земельные участки, находящиеся в собственности города Москвы;7006
522;Рейтинг топ-100 должников арендной платы по договорам аренды земельных участков;100
526;Библиотеки;1104
527;Выставочные залы;54
528;Концертные организации;55
529;Музеи;209
530;Объекты культурного наследия;8316
531;Театры;83
535;(Архив) Вечерние школы;10
536;(Архив) Военно-патриотическое направление;92
537;(Архив) Учреждения высшего профессионального образования;46
538;(Архив) Гимназия;169
539;(Архив) Детские сады в составе школ (образовательные комплексы);876
540;(Архив) Детские сады;1925
541;(Архив) Детский сад комбинированного вида;481
542;(Архив) Детский сад компенсирующего вида;191
543;(Архив) Естественнонаучное направление;72
544;(Архив) Кадетские школы;9
545;(Архив) Кадетские школы-интернаты;25
546;(Архив) Колледжи;285
547;(Архив) Коррекционная начальная школа-детский сад;8
548;(Архив) Коррекционная общеобразовательная школа;29
549;(Архив) Коррекционная общеобразовательная школа-интернат;57
551;(Архив) Культурологическое направление;179
552;(Архив) Лицей;91
553;(Архив) Научно-техническое направление;147
554;(Архив) Начальная школа - детский сад компенсирующего вида;21
555;(Архив) Начальная школа - детский сад;21
556;(Архив) Образовательные учреждения города Москвы, реализующие программы среднего профессионального образования. Техникумы;27
557;(Архив) Прогимназия;28
559;(Архив) Санаторная школа-интернат;11
560;(Архив) Санаторно-лесная школа;5
561;(Архив) Социально-педагогическое направление;195
562;(Архив) Социально-экономическое направление;28
563;(Архив) Специальная общеобразовательная школа для детей и подростков с девиантным поведением;6
564;(Архив) Спортивно-техническое направление;93
565;(Архив) Средняя образовательная школа;1230
566;"(Архив) Средняя образовательная школа ""Школа Здоровья""";65
567;(Архив) Средняя образовательная школа с углубленным изучением отдельных предметов;267
568;(Архив) Средняя общеобразовательная школа с этнокультурным (национальным) компонентом образования;24
569;(Архив) Туристско-краеведческое направление;136
570;(Архив) Учебно-производственные комбинаты;6
572;(Архив) Физкультурно-спортивное направление;199
573;(Архив) Художественно-эстетическое направление;206
574;(Архив) Центр диагностики и консультирования;69
575;(Архив) Центр лечебной педагогики и дифференцированного обучения;4
576;(Архив) Центр образования;255
577;(Архив) Центр психолого-педагогической реабилитации и коррекции;17
578;(Архив) Центры повышения квалификации;2
579;(Архив) Центры психолого-медико-социального сопровождения;39
581;(Архив) Школы надомного обучения;13
582;(Архив) Школы, имеющие в своем составе детские сады (образовательные комплексы);876
583;(Архив) Школы-интернаты;22
584;(Архив) Школы-интернаты с углубленным изучением отдельных предметов;8
585;(Архив) Эколого-биологическое направление;116
586;Объекты розничной торговли и общественного питания, имеющие лицензию на розничную продажу алкогольной продукции с указанием срока ее действия;40413
587;Сезонные кафе при стационарных предприятиях общественного питания, расположенные на землях префектур;3204
588;(Архив) Объекты гаражного назначения ГУП «Дирекция гаражного строительства»;167
589;Органы записи актов гражданского состояния (структурные подразделения Управления ЗАГС Москвы);42
590;Судебные участки мировых судей города Москвы;438
591;(Архив) Перечень субсидий, предоставленных организациям, осуществляющим деятельность в инновационной и промышленной сферах;270
593;Перечень инновационной, высокотехнологичной продукции и технологий;1189
594;Районные отделы жилищных субсидий Государственного казенного учреждения города Москвы «Городской центр жилищных субсидий»;2
596;(Архив) Центры социально-трудовой адаптации и профориентации;5
597;"(Архив) Городской центр ""Дети улиц""";12
598;(Архив) Детские дома;27
600;Пансионаты для ветеранов;10
601;Психоневрологические интернаты;20
602;Территориальные центры социального обслуживания;135
603;Управления социальной защиты населения;122
604;Центры социальной помощи семье и детям;55
605;Центры психологической помощи;12
606;Центры реабилитации;16
607;Объекты ритуального обслуживания;140
608;Отделы трудоустройства;50
609;Специализированные центры труда и занятости населения;4
610;Центры занятости населения;2
611;Многофункциональные центры предоставления государственных услуг;136
613;Границы зон охраны объектов культурного наследия;516
614;Границы территорий объектов культурного наследия;3311
618;(Архив) Границы территорий, по которым утверждены проекты планировок;287
619;Нестационарные торговые объекты;2207
620;Ярмарки выходного дня;88
621;Парковки такси;385
622;Перехватывающие парковки;27
623;Платные парковки на улично-дорожной сети;9455
624;Входы и выходы вестибюлей станций Московского метрополитена;1010
629;Спортивные объекты города Москвы;309
630;(Архив) Спортивные секции города Москвы;1762
651;Государственные казённые учреждения дирекции жилищно-коммунального хозяйства и благоустройства административных округов города Москвы и их филиалы;11
652;Инфраструктура поддержки малого и среднего предпринимательства;16
653;Региональные ярмарки;154
654;Розничные рынки;27
655;Выданные разрешения на осуществление деятельности по перевозке пассажиров и багажа легковым такси;157856
658;Тарифы на проезд в городском пассажирском транспорте;34
671;(Архив) Продажа билетов на пригородные поезда;252372
672;(Архив) Реестр стационарных объектов наблюдения;702
673;Точки продажи билетов для проезда в общественном городском пассажирском транспорте;268
674;Реестр искусственных дорожных неровностей;1818
744;Приюты для бродячих животных;13
745;Пешеходные тоннели;496
746;(Архив) Реестр образовательных учреждений. Дополнительное образование;36535
747;(Архив) Реестр образовательных учреждений. Общие сведения;3492
749;Специализированные службы по вопросам похоронного дела;19
751;Маршруты мобильных комплексов фиксации нарушений;262
752;Остановки наземного городского пассажирского транспорта;11868
753;Автозаправочные станции, реализующие топливо, соответствующее установленным экологическим требованиям;297
754;Автозаправочные станции, реализующие топливо, несоответствующее установленным экологическим требованиям;17
758;Смежные маршруты пассажирских перевозок;3202
759;Нарушения ПДД, выявляемые с использованием автоматизированной системы фотовидеофиксации нарушений правил дорожного движения интеллектуальной транспортной системы города Москвы;2832
760;Согласованные маршруты пассажирских перевозок коммерческими перевозчиками;30
781;Реестр субъектов малого и среднего предпринимательства – получателей поддержки;189514
841;Таксофоны Московской городской телефонной сети;1987
842;Стационарные общественные туалеты;329
861;Wi-Fi в парках;969
883;Поля для гольфа;4
884;Площадки для пляжных видов спорта;83
885;Поля регбийные;12
886;Поля футбольные;110
887;Прокаты спортивного инвентаря;53
888;Стрелковые тиры;42
889;Стрельбища;4
890;Бассейны плавательные крытые;452
891;Теннисные корты;338
892;Площадки для мини-гольфа;8
893;Спортивные площадки;1486
894;Бассейны плавательные открытые;22
895;Площадки пейнтбольные;15
897;Дорожки велосипедные;142
898;Тренажерные городки (воркауты);2429
899;Беговые дорожки;619
901;Гребные базы и каналы;1
902;Поля конно-спортивные для конкура и выездки;47
905;Детские развивающие центры;7
906;Летние эстрады, сцены;36
907;Лодочные станции;20
908;Роллердромы, скейтпарки;74
909;Места для летнего купания;11
910;Мини-зоопарки;4
911;Веревочные городки;10
912;Места для пикника;152
913;Площадки для настольных игр;286
914;Автодромы аттракционные;5
915;Автодромы детские учебные;21
916;Велосипедные парковки;872
917;Площадки для городошного спорта;21
918;Станции проката велосипедов;603
919;Зоны отдыха у воды;115
920;Пешеходные зоны;26
921;Гарантированный перечень услуг по погребению на безвозмездной основе;19
961;(Архив) Избирательные участки города Москвы;3641
981;(Архив) Фонтаны;366
1022;Нежилые помещения, зарегистрированные в собственность города Москвы;92751
1034;Учреждения, осуществляющие управленческие функции;39
1037;Обеспеченность музыкальными инструментами музыкальных образовательных учреждений;23227
1040;Реестр лауреатов Грантов Мэра Москвы в сфере культуры и искусства;99
1043;Пункты выдачи технических средств реабилитации;44
1044;Учреждения социальной помощи для бездомных граждан;11
1045;(Архив) Государственные бюджетные образовательные учреждения, школы-интернаты;10
1046;Ответственные балансодержатели межрельсового покрытия участков трамвайных путей;9
1047;Транспортно-пересадочные узлы;278
1051;Специализированные стоянки;24
1062;Стационарные снегоплавильные пункты;49
1070;(Архив) Образовательные услуги (ДОгМ);725
1071;(Архив) Лицензирование и аккредитация;725
1078;(Архив) Результаты ГИА;8639
1093;Победители олимпиад;41767
1095;(Архив) Отделения почтовой связи;522
1098;Места приема экзаменов на получение удостоверения на право управления самоходной техникой;8
1099;(Архив) Приёмные по вопросам приватизации жилых помещений;139
1101;(Архив) Доля города Москвы в хозяйственных обществах;164
1102;Рейтинг топ-100 должников арендной платы по договорам аренды нежилых помещений;100
1104;(Архив) Земельные участки в неразграниченной собственности;122447
1106;Земельные участки, выставляемые на торги, в разрезе этапов прохождения торгов;10
1107;(Архив) Итоги приватизации объектов недвижимости города Москвы;217
1108;(Архив) Итоги проведения торгов на право заключения договоров по аренде объектов недвижимости;103
1110;(Архив) Итоги проведения торгов по продаже пакетов акций;31
1112;(Архив) Пакеты акций в собственности города Москвы;158
1113;(Архив) Перечень объектов на право заключения договоров аренды объектов недвижимости;67
1114;(Архив) Перечень объектов по продаже пакетов акций;30
1115;(Архив) Приватизация объектов недвижимости города Москвы;176
1122;Рекламные конструкции на территории города Москвы;12317
1124;(Архив) Тарифы на коммунальные услуги для населения города Москвы на 2006 год;40
1125;(Архив) Тарифы на коммунальные услуги для населения города Москвы на 2007 год;39
1126;(Архив) Тарифы на коммунальные услуги для населения города Москвы на 2008 год;45
1127;(Архив) Тарифы на коммунальные услуги для населения города Москвы на 2009 год;49
1128;(Архив) Тарифы на коммунальные услуги для населения города Москвы на 2010 год;46
1129;(Архив) Тарифы на коммунальные услуги для населения города Москвы на 2011 год;51
1130;(Архив) Тарифы на коммунальные услуги для населения города Москвы на 2012 год;71
1131;(Архив) Тарифы на коммунальные услуги для населения города Москвы на 2013 год;372
1132;Поисково-спасательные станции на водных объектах;25
1133;Учебно-методические центры по гражданской обороне и чрезвычайным ситуациям;12
1135;Учебно-консультационные пункты по гражданской обороне и чрезвычайным ситуациям;222
1136;Территориальные подразделения Департамента по делам гражданской обороны, чрезвычайным ситуациям и пожарной безопасности города Москвы;11
1147;Электронная нотная библиотека города Москвы;3172
1148;Фильмофонд «Московское кино»;1972
1181;Образовательные учреждения;388
1185;Реестр лицензий на деятельность по обороту наркотических средств, психотропных веществ и их прекурсоров, выданных органами исполнительной власти субъектов Российской Федерации, осуществляющими переданные полномочия Российской Федерации в области охраны здоровья граждан;1800
1188;Реестр лицензий на фармацевтическую деятельность, выданных органами исполнительной власти субъектов Российской Федерации, осуществляющими переданные полномочия Российской Федерации в области охраны здоровья граждан;17698
1189;Реестр лицензий на медицинскую деятельность, выданных органами исполнительной власти субъектов Российской Федерации, осуществляющими переданные полномочия Российской Федерации в области охраны здоровья граждан;42458
1191;Реестр утверждённых проектов планировки территорий;615
1193;Ветеринарные учреждения;31
1200;Информация о территориальных подразделениях Департамента городского имущества города Москвы;11
1201;(Архив) Прогнозируемый общий объем доходов бюджета города Москвы на 2013 года и плановый период 2014 и 2015 годов в соответствии с законом о бюджете города Москвы от 21.11.2012 г. № 59;1
1202;(Архив) Расходы бюджета города Москвы по финансовому обеспечению государственных программ, подпрограмм города Москвы на 2013 года и плановый период 2014 и 2015 годов в соответствии с законом о бюджете города Москвы от 21.11.2012 г. № 59;106
1203;(Архив) Источники финансирования дефицита бюджета города Москвы на 2013 года и плановый период 2014 и 2015 годов в соответствии с законом о бюджете города Москвы от 21.11.2012 г. № 59;18
1204;(Архив) Прогнозируемый общий объем доходов бюджета города Москвы на 2013 года и плановый период 2014 и 2015 годов в соответствии с законом о внесении изменений в закон о бюджете города Москвы от 02.10.2013 г. № 52;5
1205;(Архив) Ведомственная структура расходов бюджета города Москвы на 2013 года и плановый период 2014 и 2015 годов в соответствии с законом о внесении изменений в закон о бюджете города Москвы от 02.10.2013 г. № 52;7566
1206;(Архив) Расходы бюджета города Москвы по финансовому обеспечению государственных программ (в 2013 году);107
1207;(Архив) Источники финансирования дефицита бюджета города Москвы на 2013 года и плановый период 2014 и 2015 годов в соответствии с законом о внесении изменений в закон о бюджете города Москвы от 02.10.2013 г. № 52;18
1208;(Архив) Ведомственная структура расходов бюджета города Москвы на 2013 года и плановый период 2014 и 2015 годов в соответствии с законом о бюджете города Москвы от 21.11.2012 г. № 59;7200
1231;(Архив) Открытые ледовые катки;1362
1232;Ледовые поля (крытые);80
1233;(Архив) Лыжные трассы города Москвы;391
1241;(Архив) Ёлочные базары;204
1242;(Архив) Рождественский фестиваль;81
1243;(Архив) Выставки ледяных скульптур;3
1244;(Архив) Горнолыжные склоны;19
1245;(Архив) Ледяные горки в парках;43
1246;(Архив) Лыжные базы;19
1247;(Архив) Оборудованные места для зимнего купания в парках;9
1248;(Архив) Места для зимней рыбалки в парках;3
1249;(Архив) Площадки для кёрлинга;7
1250;(Архив) Площадки для сноуборда;2
1251;Площадки спортивные универсальные в парках;4652
1252;(Архив) Снежные горки в парках;18
1253;(Архив) Снежные городки;19
1254;(Архив) Трассы для снегоходов, квадроциклов, ездовых упряжек и прочего;6
1255;Универсальные зоны отдыха в парках;10
1256;Центры здоровья;62
1257;Дневные стационары;150
1258;Центры спортивной медицины и реабилитации;12
1259;Специализированные медицинские учреждения;39
1260;Травматологические пункты;74
1261;Перечень адресов ключевых торговых площадок города Москвы;104
1262;Результаты торгов в разрезе органов исполнительной власти города Москвы;230113
1281;(Архив) Список площадок для запуска фейерверков в Новогодние и Рождественские праздники;106
1301;Перечень аптечных организаций, имеющих право на обеспечение отдельных категорий граждан лекарственными препаратами и изделиями медицинского назначения по рецептам врачей бесплатно или с 50-процентной скидкой;345
1342;Штабы городских народных дружин;131
1343;(Архив) Органы исполнительной власти города Москвы;180
1344;Выходы из пешеходных тоннелей;1554
1345;(Архив) Места проведения праздничных мероприятий, посвященных Масленице;55
1346;(Архив) Места проведения артиллерийских салютов и фейерверков в День Победы 9 мая;16
1362;Сведения о вакантных рабочих местах для инвалидов и лиц с ограниченными возможностями, предоставленные работодателями в Службу занятости населения города Москвы;904
1381;(Архив) Весенние фестивали;54
1384;Автодромы спортивные крытые;14
1385;Автодромы спортивные открытые;11
1386;Места катания на лошадях;4
1387;Скалодромы крытые;30
1388;Скалодромы открытые;11
1389;Детские игровые площадки в парках;475
1401;(Архив) График отключения горячей воды;71529
1421;Парковочные автоматы;958
1441;Места для кайтинга (вейкбординга);7
1461;Перечень приватизируемых объектов в разрезе этапов прохождения торгов;11478
1462;Перечень объектов по продаже пакетов акций в разрезе этапов прохождения торгов;7
1463;Перечень объектов на право заключения договоров аренды объектов недвижимости в разрезе этапов прохождения торгов;2158
1464;(Архив) Коворкинги;164
1465;Парковые территории;1105
1469;(Архив) Места для активного отдыха;21
1470;(Архив) Летние кинотеатры;11
1493;Организации для детей-сирот и детей, оставшихся без попечения родителей;28
1494;Туалетные модули;415
1495;ТОП-30 предприятий по объемам выставленных штрафных санкций;30
1496;(Архив) Бахчевые развалы;199
1497;Земельные участки в собственности города Москвы и неразграниченной собственности;109819
1498;Реестр камер дворового видеонаблюдения;20018
1499;Реестр часов;1082
1500;Реестр камер подъездного видеонаблюдения;99692
1533;(Архив) Тарифы на коммунальные услуги для населения города Москвы на 2014 год;364
1534;(Архив) План обустройства территорий транспортно-пересадочных узлов в 2014 году;28
1536;(Архив) План работ по благоустройству территории вдоль вылетных магистралей в 2014 году;222
1537;(Архив) Капитальный ремонт и ремонт фасадов жилых домов в 2014 году;211
1538;(Архив) План установки подъемных платформ для маломобильных групп населения в жилых домах в 2014 году;74
1539;(Архив) План замены лифтов в жилых домах в 2014 году;4150
1541;(Архив) Места проведения фестиваля «Московское Варенье»;32
1542;Контракты малого объема;706642
1543;(Архив) Оферты поставщиков;2368195
1561;Структурные подразделения Объединения административно-технических инспекций города Москвы;10
1562;Структурные подразделения Гостехнадзора города Москвы;10
1581;Торгово-сервисные предприятия, предоставляющие скидки на товары и услуги держателям социальных карт;6214
1607;Реестр оформленных паспортов колористического решения фасадов зданий, строений, сооружений ;7069
1608;Реестр согласованных дизайн-проектов размещения вывесок;4226
1622;(Архив) Реестр объектов, возводимых в рамках 214-ФЗ;106
1641;Реестр учреждений города Москвы;2093
1661;Общественные пункты охраны порядка;790
1662;(Архив) Места для активного отдыха зимой;22
1663;(Архив) Крещенские купели;51
1681;Платные парковки закрытого типа;98
1682;(Архив) Зоны платной парковки;146
1765;(Архив) Ремонт, окраска и пошив обуви;526
1766;(Архив) Иные объекты бытового обслуживания;910
1767;(Архив) Услуги бань;69
1768;(Архив) Парикмахерские и косметические услуги;6186
1769;(Архив) Комплексные предприятия бытового обслуживания;743
1770;(Архив) Ремонт и техническое обслуживание бытовой радиоэлектронной аппаратуры, бытовых машин и бытовых приборов, техники;572
1771;(Архив) Ремонт ювелирных изделий;179
1772;(Архив) Прачечные;83
1773;(Архив) Ломбарды;479
1774;(Архив) Сауны;171
1775;(Архив) Ремонт и изготовление металлоизделий;272
1776;(Архив) Ремонт и пошив швейных, меховых и кожаных изделий, головных уборов и изделий текстильной галантереи, ремонт, пошив и вязание трикотажных изделий;1275
1777;(Архив) Услуги проката;25
1778;(Архив) Фотоателье, фото- и кинолаборатории, фотоуслуги;963
1779;(Архив) Химическая чистка и крашение;523
1780;(Архив) Изготовление и ремонт мебели;73
1781;(Архив) Прачечные самообслуживания;21
1782;(Архив) Ритуальные и обрядовые услуги;38
1783;(Архив) Химчистки самообслуживания;22
1784;(Архив) Буфеты;632
1785;(Архив) Ремонт часов;214
1786;(Архив) Кофейни;0
1787;(Архив) Единые производственно-хозяйственные комплексы предприятий питания;6
1788;(Архив) Рестораны;2209
1789;(Архив) Кафе детские, молодежные и семейного досуга;92
1790;(Архив) Магазины кулинарии;374
1791;(Архив) Специализированные цеха;73
1792;(Архив) Кафе;6331
1793;(Архив) Столовые;2350
1794;(Архив) Кафетерии;768
1795;(Архив) Комбинаты питания;33
1796;(Архив) Бары;1000
1797;(Архив) Предприятия быстрого обслуживания;2354
1798;(Архив) Закусочные;474
1799;(Архив) Магазины «Колбасы»;512
1800;(Архив) Магазины «Мясо»;500
1801;(Архив) Прочие специализированные продовольственные предприятия торговли;1822
1802;(Архив) Каскеты (бутики для среднего класса);46
1803;(Архив) Магазины «Спорт и туризм»;503
1804;(Архив) Магазины «Хозяйственные товары»;998
1805;(Архив) Магазины «Цветы»;1689
1806;(Архив) Гипермаркеты (непродовольственные);28
1808;(Архив) Универмаги;68
1809;(Архив) Универсамы;1615
1810;(Архив) Комиссионные магазины;61
1811;(Архив) Стоковые магазины (магазины «Сток»);12
1812;(Архив) Аутлет-магазины;6
1813;(Архив) Товары для дома;484
1814;(Архив) Магазины товаров повседневного спроса;669
1815;(Архив) Товары для женщин;410
1816;(Архив) Магазины «Зоотовары»;584
1817;(Архив) Магазины «Минеральные воды»;18
1818;(Архив) Магазины «Хлеб»;276
1819;(Архив) Магазины «Книги»;282
1820;(Архив) Магазины «Обувь»;1891
1821;(Архив) Магазины «Природа»;25
1822;(Архив) Гипермаркеты (продовольственные);54
1823;(Архив) Магазины-склады;148
1824;(Архив) Универмаги «Детский Мир»;68
1826;(Архив) Магазины «Бутик»;1026
1827;(Архив) Магазины «Промтовары»;5204
1828;(Архив) Минимаркеты;415
1829;(Архив) Товары для будущих мам;27
1830;(Архив) Товары для новобрачных;20
1831;(Архив) Торговые Дома;24
1832;(Архив) Магазины «Рыба»;253
1833;(Архив) Магазины «Электротовары»;1190
1834;(Архив) Магазины «Мебель»;1672
1835;(Архив) Магазины «Одежда»;7073
1836;(Архив) Магазины «Семена»;43
1837;(Архив) Автосалоны;211
1838;(Архив) Магазины «Секонд Хенд»;135
1840;(Архив) Гастрономы;241
1842;(Архив) Магазины-салоны;1232
1843;(Архив) Магазины с комбинированным ассортиментом;109
1844;(Архив) Торговые центры (аутлет-центры, моллы, ритейл-парки);28
1845;(Архив) Супермаркеты;878
1847;(Архив) Товары для детей;859
1848;(Архив) Товары для полных;6
1849;(Архив) Магазины «Ткани»;279
1850;(Архив) Магазины «Охотник»;53
1851;(Архив) Прочие специализированные непродовольственные предприятия торговли;14938
1852;(Архив) Магазины «Мир садовода»;48
1853;(Архив) Магазины «Овощи-фрукты»;556
1854;(Архив) Магазины «Алкогольные напитки»;938
1855;(Архив) Центры оптовой и мелкооптовой непродовольственной торговли;8
1856;(Архив) Товары для мужчин;75
1857;(Архив) Магазины «Продукты»;6104
1858;(Архив) Товары для молодежи;26
1859;(Архив) Магазины «Дисконт»;26
1860;(Архив) Магазины со смешанным ассортиментом;72
1861;(Архив) Магазины «Кэш энд Кэрри»;10
1862;(Архив) Магазины «Дискаунтер»;113
1881;Автовокзалы и автостанции Москвы;7
1901;(Архив) Тарифы на коммунальные услуги;186
1902;(Архив) Тарифы на коммунальные услуги для населения города Москвы на 2015 год;434
1903;Общественное питание в Москве;16371
1904;Бытовые услуги на территории Москвы;13757
1921;Справочник персоналий: Департамент города Москвы по конкурентной политике;12
1922;Справочник персоналий: Департамент капитального ремонта города Москвы;29
1923;Справочник персоналий: Департамент по делам гражданской обороны, чрезвычайным ситуациям и пожарной безопасности города Москвы;10
1924;График приема граждан: Департамент города Москвы по конкурентной политике;3
1925;График приема граждан: Департамент капитального ремонта города Москвы;8
1926;График приема граждан: Департамент по делам гражданской обороны, чрезвычайным ситуациям и пожарной безопасности города Москвы;1
1928;Справочник персоналий: Государственная инспекция по контролю за использованием объектов недвижимости города Москвы;8
1929;График приема граждан: Государственная инспекция по контролю за использованием объектов недвижимости города Москвы;6
1930;Архивы Москвы;11
1931;Справочник персоналий: Главное архивное управление города Москвы;13
1932;График приема граждан: Главное архивное управление города Москвы;2
1933;(Архив) График приема граждан: Региональная энергетическая комиссия города Москвы;3
1934;(Архив) Справочник персоналий: Региональная энергетическая комиссия города Москвы;14
1935;Данные по взысканиям, наложенным в результате административных нарушений. Организации, имеющие наибольшую задолженность по оплате штрафов ОАТИ;100
1936;Рейтинг управляющих организаций города Москвы;2073
1937;График приема граждан: Государственная жилищная инспекция города Москвы;8
1938;График приема граждан: Департамент здравоохранения города Москвы;3
1939;Наименования органов исполнительной власти субъектов Российской Федерации, осуществляющих переданные полномочия Российской Федерации в области охраны здоровья граждан;1
1940;График приема граждан: Департамент труда и социальной защиты населения города Москвы;27
1941;График приема граждан: Департамент спорта города Москвы;7
1942;Справочник персоналий: Департамент спорта города Москвы;6
1943;(Архив) Опоры двойного назначения;4152
1944;График приема граждан: Государственная инспекция города Москвы по качеству сельскохозяйственной продукции, сырья и продовольствия;6
1945;Справочник персоналий: Государственная инспекция города Москвы по качеству сельскохозяйственной продукции, сырья и продовольствия;6
1946;Справочник персоналий: Департамент труда и социальной защиты населения города Москвы;28
1947;Справочник персоналий: Комитет государственного строительного надзора города Москвы;11
1948;График приема граждан: Комитет государственного строительного надзора города Москвы;8
1949;Данные вызовов подразделений пожарно-спасательного гарнизона города Москвы по административным округам;770
1950;Данные вызовов подразделений пожарно-спасательного гарнизона города Москвы по месяцам;70
1951;Доля детей в возрасте 5 - 18 лет, обучающихся по дополнительным образовательным программам, в общей численности детей этого возраста (Указ Президента Российской Федерации от 7 мая 2012 года № 599 «О мерах по реализации государственной политики в области образования и науки»);5
1952;Доля занятого населения в возрасте от 25 до 65 лет, прошедшего повышение квалификации и (или) профессиональную подготовку, от общей численности занятого в области экономики населения этой возрастной группы (Указ Президента Российской Федерации от 7 мая 2012 года № 599 «О мерах по реализации государственной политики в области образования и науки»);4
1953;Доля образовательных учреждений среднего профессионального образования и образовательных учреждений высшего профессионального образования, здания которых приспособлены для обучения лиц с ограниченными возможностями здоровья (Указ Президента Российской Федерации от 7 мая 2012 года № 599 «О мерах по реализации государственной политики в области образования и науки»);7
1954;Доступность дошкольного образования для детей в возрасте от трех до семи лет (Указ Президента Российской Федерации от 7 мая 2012 года № 599 «О мерах по реализации государственной политики в области образования и науки»);8
1956;График приема граждан: Объединение административно-технических инспекций города Москвы;11
1957;Танатологические отделения (морги);12
1958;Наименования органов исполнительной власти субъектов Российской Федерации, осуществляющих переданные полномочия Российской Федерации в области образования;1
1959;График приема граждан: Департамент средств массовой информации и рекламы города Москвы;5
1960;Справочник персоналий: Департамент средств массовой информации и рекламы города Москвы;10
1961;Справочник персоналий: Государственная жилищная инспекция города Москвы;19
1962;Справочник персоналий: Департамент культурного наследия города Москвы;19
1963;График приема граждан: Департамент культурного наследия города Москвы;4
1964;Количество согласованных перепланировок в многоквартирных домах (МКД);792
1965;Принятые меры административного воздействия за нарушения, выявленные при осуществлении лицензионного контроля предпринимательской деятельности по управлению многоквартирными домами;3901
1981;Справочник персоналий: Объединение административно-технических инспекций города Москвы;20
1982;Динамика изменения величины прожиточного минимума в городе Москве;54
1983;Открытые данные по работе управляющих организаций;16565
1984;Справочник персоналий: Департамент финансов города Москвы;53
1985;График приема граждан: Департамент финансов города Москвы;3
1986;Структура доходов бюджета;18
1987;Количественные показатели по управляющим организациям;16565
1988;Справочник персоналий: Комитет ветеринарии города Москвы;9
1989;График проведения городских ярмарок вакансий;4
1990; Наименования органов исполнительной власти субъектов Российской Федерации, осуществляющих полномочия в области содействия занятости населения и переданное полномочие по осуществлению социальных выплат гражданам, признанным в установленном порядке безработными;1
1992;Справочник персоналий: Управление записи актов гражданского состояния города Москвы;4
1993;График приема граждан: Управление записи актов гражданского состояния города Москвы;4
1994;Справочник персоналий: Управление делами Мэра и Правительства Москвы;10
1995;График приема граждан: Департамент региональной безопасности и противодействия коррупции города Москвы;6
1997;Справочник персоналий: Департамент региональной безопасности и противодействия коррупции города Москвы;13
1998;Реестр государственных услуг, предоставляемых в Центрах госуслуг;251
1999;Перечень организаций, имеющих лицензию на выдачу справок для получения водительских удостоверений, ношение оружия и другие;8125
2000;Перечень ведомств, предоставляющих услуги через Центры госуслуг;164
2001;Перечень олимпиад школьников;653
2002;(Архив) Результаты голосования «Станции «Войковские»: нужны ли новые названия?»;304074
2003;График приема граждан: Департамент по обеспечению деятельности мировых судей города Москвы;7
2004;Справочник персоналий: Департамент по обеспечению деятельности мировых судей города Москвы;7
2005;График приема граждан: Комитет ветеринарии города Москвы;4
2006;Реестр специалистов в области ветеринарии, занимающихся предпринимательской деятельностью на территории Москвы;321
2007;(Архив) Динамика регистрации актов гражданского состояния;124
2008;(Архив) Число зарегистрированных актов о рождении по годам;10
2009;Сведения о наиболее популярных женских именах среди новорожденных;6800
2011;Сведения о наиболее популярных мужских именах среди новорожденных;6800
2012;(Архив) Число браков по годам;124
2013;(Архив) Число разводов по годам;124
2021;Реестр аккредитованных образовательных учреждений, расположенных на территории субъектов Российской Федерации;876
2022;Численность постоянного населения старше трудоспособного возраста;11
2023;Перечень негосударственных образовательных организаций города Москвы, реализующих программу дошкольного образования;142
2024;Реестр лицензий на образовательную деятельность, выданных органами исполнительной власти субъектов Российской Федерации, осуществляющими переданные полномочия Российской Федерации в области образования;4312
2026;Справочник персоналий: Департамент культуры города Москвы;24
2027;(Архив) Пункты приема вторсырья Департамента жилищно-коммунального хозяйства и благоустройства города Москвы;322
2028;(Архив) Пункты приема макулатуры Департамента жилищно-коммунального хозяйства и благоустройства города Москвы;322
2029;(Архив) Пункты приема пластика Департамента жилищно-коммунального хозяйства и благоустройства города Москвы;46
2030;(Архив) Пункты приема стекла Департамента жилищно-коммунального хозяйства и благоустройства города Москвы;322
2031;(Архив) Пункты раздельного сбора мусора Департамента жилищно-коммунального хозяйства и благоустройства города Москвы;322
2067;График приема граждан: Департамент торговли и услуг города Москвы;5
2068;Справочник персоналий: Департамент торговли и услуг города Москвы;7
2069;Мосты;765
2070;График приема граждан: Департамент городского имущества города Москвы;10
2071;Справочник персоналий: Департамент городского имущества города Москвы;53
2072;Результаты ЕГЭ;2859
2073;Справочник персоналий: Департамент градостроительной политики города Москвы;6
2074;Доля детей, привлекаемых к участию в творческих мероприятиях, от общего числа детей, состоящих на учете в организациях социального обслуживания;12
2075;Справочник персоналий: Департамент экономической политики и развития города Москвы;25
2076;График приема граждан: Департамент градостроительной политики города Москвы;5
2077;График приема граждан: Департамент экономической политики и развития города Москвы;6
2081;Численность безработных граждан, состоящих на учете в службе занятости населения, на конец периода;116
2082;Численность граждан, незанятых трудовой деятельностью, состоящих на учете в службе занятости населения, на конец периода;116
2083;Численность безработных выпускников организаций высшего образования, состоящих на учете в службе занятости населения, на конец периода;116
2084;Численность постоянного населения в трудоспособном возрасте;25
2085;Численность постоянного населения в возрасте моложе трудоспособного;25
2086;Численность безработных, которым назначено пособие по безработице;124
2087;Среднемесячная номинальная начисленная заработная плата;29
2088;Информация по вводу жилья;54
2101;Справочник персоналий: Комитет города Москвы по ценовой политике в строительстве и государственной экспертизе проектов;3
2102;График приема граждан: Комитет города Москвы по обеспечению реализации инвестиционных проектов в строительстве и контролю в области долевого строительства;3
2103;Справочник персоналий: Комитет города Москвы по обеспечению реализации инвестиционных проектов в строительстве и контролю в области долевого строительства;13
2104;График приема граждан: Комитет города Москвы по ценовой политике в строительстве и государственной экспертизе проектов;1
2105;(Архив) Высшие учебные заведения города Москвы, предоставляющие право на бесплатное оформление социальной карты;139
2106;Показатели консолидированного бюджета города Москвы;1
2107;График приема граждан: Департамент культуры города Москвы;3
2108;Справочник персоналий: Московская административная дорожная инспекция;6
2109;График приема граждан: Департамент национальной политики, межрегиональных связей и туризма города Москвы;2
2110;Справочник персоналий: Департамент образования и науки города Москвы;23
2111;График приема граждан: Департамент образования и науки города Москвы;8
2112;График приема граждан: Московская административная дорожная инспекция;6
2113;(Архив) Календарь туристических мероприятий на 2016 год;30
2114;Реестр организаций-застройщиков города Москвы, привлекающих денежные средства участников долевого строительства;256
2115;Танцевальные площадки в парках;29
2116;Музыкальные площадки в парках;40
2117;Наименования органов исполнительной власти субъектов Российской Федерации, осуществляющих полномочия в области государственной экспертизы проектной документации, государственной экспертизы результатов инженерных изысканий и в области контроля за соблюдением органами местного самоуправления законодательства о градостроительной деятельности;1
2121;График приема граждан: Департамент природопользования и охраны окружающей среды города Москвы;7
2122;Справочник персоналий: Департамент природопользования и охраны окружающей среды города Москвы;14
2123;(Архив) Государственный охотхозяйственный реестр;11
2126;(Архив) Новогодние мероприятия;305
2127;Справочник персоналий: Главное контрольное управление города Москвы;7
2128;График приема граждан: Главное контрольное управление города Москвы;6
2236;Справочник персоналий: Управление государственной службы и кадров Правительства Москвы;9
2237;Единая база вакансий Правительства города Москвы и органов исполнительной власти;0
2238;Справочник персоналий: Комитет государственных услуг города Москвы;10
2239;График приема граждан: Комитет государственных услуг города Москвы;4
2240;Справочник персоналий: Комитет по архитектуре и градостроительству города Москвы;40
2241;График приема граждан: Комитет по архитектуре и градостроительству города Москвы;15
2242;График приема граждан: Департамент строительства города Москвы;10
2243;Справочник персоналий: Департамент строительства города Москвы;10
2244;График приема граждан: Департамент территориальных органов исполнительной власти города Москвы;3
2245;Справочник персоналий: Департамент территориальных органов исполнительной власти города Москвы;20
2246;Справочник персоналий: Департамент здравоохранения города Москвы;36
2247;Справочник персоналий: Департамент внешнеэкономических и международных связей города Москвы;14
2248;Справочник персоналий: Департамент национальной политики, межрегиональных связей и туризма города Москвы;12
2249;Места для досуга и отдыха с детьми;1252
2250;(Архив) Календарь праздничных мероприятий на 2016 год;10
2251;Мероприятия, организованные при поддержке Департамента культуры города Москвы;19
2252;Перечень пешеходных туристических маршрутов Москвы;22
2253;(Архив) Статистические данные о накоплении и вывозе мусора в городе Москве;9
2254;Технопарки Москвы;36
2261;График приема граждан: Департамент развития новых территорий города Москвы;4
2262;Справочник персоналий: Департамент развития новых территорий города Москвы;29
2263;Образовательные учреждения города Москвы;595
2264;Перечень автобусных туристических маршрутов Москвы;3
2265;Католические храмы;3
2266;Мечети;4
2267;Монастыри;15
2268;Синагоги;5
2269;Аквапарки;11
2270;(Архив) Гандбольные поля;5
2271;(Архив) Места для занятий скандинавской ходьбой;2
2272;(Архив) Поля для игры в крикет;0
2315;Площадки для сдачи экзамена в Государственной инспекции безопасности дорожного движения Главного управления Министерства внутренних дел Российской Федерации по городу Москве;11
2316;График приема граждан: Департамент жилищно-коммунального хозяйства города Москвы;7
2317;Перечень дорожных специализированных предприятий и организаций, осуществляющих содержание улично-дорожной сети;122
2325;Справочник персоналий: Департамент инвестиционной и промышленной политики города Москвы;6
2326;(Архив) Справочник персоналий: Департамент топливно-энергетического хозяйства города Москвы;14
2327;(Архив) График приема граждан: Департамент топливно-энергетического хозяйства города Москвы;6
2328;Перечень хозяйственных обществ с долей города Москвы в уставном капитале;102
2341;(Архив) Рейтинг книг, пользовавшихся наибольшим спросом у читателей библиотек в 2015 году;10
2342;(Архив) Рейтинг книг, пользовавшихся наибольшим спросом у читателей библиотек в 2014 году;10
2343;Гостиницы;1715
2345;Отделения Государственной инспекции безопасности дорожного движения Главного управления Министерства внутренних дел Российской Федерации по городу Москве;30
2346;Образовательные учреждения Департамента здравоохранения;23
2347;Бюро судебно-медицинской экспертизы;2
2348;Кабинеты анонимного обследования на ВИЧ (СПИД);6
2349;Патологоанатомические отделения (морги);5
2350;Онкологические центры;23
2351;Центры вакцинации;1
2352;Центры профилактики и борьбы с ВИЧ (СПИД);1
2354;Участковые пункты полиции города Москвы;814
2355;(Архив) График закрытия родильных домов на профилактическую санитарно-гигиеническую обработку в 2016 году;27
2356;Кабинеты иммунопрофилактики;22
2357;Столичные аптеки, реализующие приоритетные городские программы здравоохранения;80
2358;График приема граждан: Комитет общественных связей города Москвы;1
2359;Справочник персоналий: Комитет общественных связей города Москвы;4
2361;Стоимость минимального набора продуктов питания;7
2362;Структура Главного управления Министерства внутренних дел Российской Федерации по городу Москве;11
2363;Показатели государственной статистической отчетности подразделений государственной службы занятости населения города Москвы;264
2381;Выбросы в атмосферу загрязняющих веществ, отходящих от стационарных источников загрязнения, по видам экономической деятельности;89
2382;Список объектов растительного мира, включаемых в Красную книгу города Москвы;221
2383;Наименования органов исполнительной власти субъектов Российской Федерации, осуществляющих полномочия в области охраны и использования объектов животного мира;1
2384;Выбросы наиболее распространенных загрязняющих атмосферу веществ, отходящих от стационарных источников;5
2385;Динамика объема выбросов загрязняющих веществ в атмосферный воздух от автомобильного транспорта;9
2386;Реестр камер видеонаблюдения в местах массового скопления людей;5378
2387;Информация по строительству многоквартирных домов;75
2388;Публичная отчетность Департамента строительства города Москвы о ходе достижения показателей, содержащихся в указе Президента Российской Федерации от 7 мая 2012 года № 600;9
2389;(Архив) Публичная отчетность Департамента строительства города Москвы по реализации мероприятий, направленных на достижение показателей, содержащихся в указах Президента Российской Федерации от 7 мая 2012 № 600;9
2401;Подведомственные учреждения;10
2402;Информация о результатах проведения государственной экологической экспертизы на объектах, подлежащих государственному экологическому контролю, осуществляемому органами исполнительной власти субъектов Российской Федерации;250
2403;Перечень аккредитованных организаций, осуществляющих классификацию объектов туристской индустрии, включающих гостиницы и иные средства размещения, горнолыжные трассы, пляжи;12
2404;Данные о национальных и межнациональных общественных объединениях, в том числе национально-культурных автономиях;29
2421;Перечень спортивных учреждений Москвы;317
2422;Депутаты муниципальных образований в городе Москве;1698
2423;Перечень компаний, осуществляющих деятельность по обращению с отходами;653
2424;Пункты приема вышедшей из употребления электробытовой техники;1
2425;Перечень сведений, находящихся в распоряжении органов власти города Москвы и необходимых для оказания услуг, предоставляемых в электронном виде;385
2426;Наименования органов исполнительной власти субъектов Российской Федерации, осуществляющих полномочия в области экологической экспертизы;1
2427;График приема граждан: Департамент внешнеэкономических и международных связей города Москвы;3
2428;(Архив) Перечень спортивных мероприятий в Москве на 2016 год;490
2442;Неблагоприятные метеорологические условия;86
2443;Ориентировочная оценочная шкала опасности загрязнения почв по суммарному показателю загрязнения;5
2444;Параметры загрязнения атмосферного воздуха;22
2445;Створы наблюдений;63
2446;Перечень водных объектов, на которых осуществляются режимные наблюдения за качеством воды;24
2447;Автоматические станции контроля загрязнения атмосферы;47
2448;Параметры качества водных объектов;36
2449;Результаты мониторинга уровней шума по данным передвижной экологической лаборатории;928
2450;Состояние зеленых насаждений (по данным наблюдения на контрольных площадках);260
2451;(Архив) Среднемесячные концентрации анализируемых параметров в водных объектах;8787
2452;Состояние почв на основе суммарного показателя загрязнения;1109
2453;Среднемесячные показатели загрязнения атмосферного воздуха;14531
2454;Состояние родников (за исключением микробиологических показателей качества воды);339
2455;Участки проявления оползневых процессов;156
2456;Ботанические сады;7
2457;Данные передвижной лаборатории контроля загрязнения атмосферного воздуха;4068
2459;Пункты приема отработанных энергосберегающих ламп;952
2462;Показатели инвестиционной активности в городе Москве;26
2465;Перечень туристско-информационных центров Москвы;3
2466;Национальные туристические офисы;32
2467;(Архив) График вывоза бытовых отходов и мусора по районам;72383
2468;(Архив) Выполнение плана дорожных ремонтных работ по городу Москве в 2016 году;526
2469;(Архив) Безвозмездная передача книг населению в рамках акции «Библионочь-2016»;5274
2470;Места установки бункеров для сбора крупногабаритного мусора;2793
2471;(Архив) Рыбная неделя в Москве;7
2481;Основные макроэкономические показатели города Москвы;9
2482;(Архив) Места летнего отдыха;250
2516;Места ягодной торговли;34
2517;(Архив) Места проведения фейерверков в День России;29
2518;(Архив) Места проведения фестиваля «Наш продукт»;30
2527;Данные об ограничении движения транспорта на период производства работ;683
2528;(Архив) Места проведения фестиваля «Московское мороженое»;30
2541;Археологические находки на реконструируемых улицах;1589
2542;Места сбора отходов;26820
2563;(Архив) Учреждения культуры, неподведомственные Департаменту культуры города Москвы;311
2564;Московский велопарад;12
2581;Количественная информация по единому платежному документу (ЕПД) в городе Москве в различных разрезах по районам;7049
2582;Реестр выданных специальных разрешений на движение по улично-дорожной сети города Москвы тяжеловесного и (или) крупногабаритного транспортного средства;63373
2583;Количественная информация по единому платежному документу (ЕПД) в городе Москве в различных разрезах по округам;624
2584;(Архив) Тарифы на коммунальные услуги для населения города Москвы на 2016 год;469
2585;(Архив) Пункты приема вторичных материальных ресурсов;1150
2587;Запланированные ремонтные работы, которые могут вызвать полное или частичное перекрытие улично-дорожной сети;368
2588;Основные показатели и индикаторы инновационного развития экономики города Москвы;6
2589;(Архив) Места проведения фестиваля «Московское варенье. Дары природы»;16
2601;Данные по промышленным предприятиям;398
2604;График приема граждан: Департамент инвестиционной и промышленной политики города Москвы;6
2608;Средний размер пенсии получателей региональной социальной доплаты;59
2624;Религиозные объекты Русской православной церкви;552
2634;План проведения государственной экологической экспертизы на объектах, подлежащих государственному экологическому контролю, осуществляемому органами исполнительной власти субъектов Российской Федерации;6
2641;(Архив) Места проведения фестиваля «Московское Лето»;33
2661;(Архив) Пункты приема благотворительной помощи в рамках акции «Семья помогает семье: Готовимся к школе!»;121
2662;Суммарный коэффициент рождаемости (Указ Президента Российской Федерации № 606 «О мерах по реализации демографической политики Российской Федерации»);7
2663;Площадки для выгула (дрессировки) собак;497
2671;(Архив) Места проведения фестиваля «Московское кино»;33
2681;Перечень управляющих компаний и товариществ собственников жилья, осуществляющих свою деятельность на территории города Москвы;3107
2682;(Архив) Мобильные прививочные пункты;50
2683;(Архив) Праздничные мероприятия в День города 2016;322
2694;(Архив) Места проведения фейерверков в День города;29
2702;(Архив) Места проведения фестиваля «Золотая осень»;31
2703;(Архив) Места проведения фестиваля «Круг света»;9
2704;(Архив) Военторги;48
2725;Центры тестирования в рамках реализации программы «Помощь родителям в выборе видов спорта для детей»;3
2741;График приема граждан: Департамент транспорта и развития дорожно-транспортной инфраструктуры города Москвы;4
2742;Справочник персоналий: Департамент транспорта и развития дорожно-транспортной инфраструктуры города Москвы;7
2756;Городской Wi-Fi;2560
2781;Нестационарные торговые объекты по реализации печатной продукции;2073
2801;Мемориальные доски города Москвы;1757
2855;Данные о действующих ордерах на производство работ;8517
2941;Объекты капитального строительства;2077
2981;Ежемесячная сводная статистика в части жилищно-коммунальных услуг по городу Москве;528
2982;(Архив) Места запуска праздничных фейерверков, организуемые Департаментом культуры города Москвы;29
2983;Реестр организаций, осуществляющих деятельность по перемещению транспортных средств на специализированную стоянку;1
2984;Стоянки для большегрузного автотранспорта;25
2985;Зарядные станции для электромобилей;55
2986;Справочник персоналий: Департамент жилищно-коммунального хозяйства города Москвы;11
3008;Закон об исполнении бюджета города Москвы за 2014 год. Распределение расходов по разделам и подразделам классификации расходов;78
3009;Закон об исполнении бюджета города Москвы за 2014. Ведомственная структура расходов;7786
3010;Закон о бюджете города Москвы на 2014 год и плановый период 2015 и 2016 годов. Ведомственная структура расходов;6692
3011;(Архив) График закрытия родильных домов на профилактическую санитарно-гигиеническую обработку в 2017 году;27
3012;Реестр градостроительных планов земельных участков;33220
3013;Реестр свидетельств об утверждении архитектурно-градостроительных решений объектов капитального строительства;15302
3015;Причалы;45
3021;Результаты голосований в проекте «Активный гражданин»;430
3022;Закон о бюджете города Москвы на 2014 год и плановый период 2015 и 2016 годов. Источники финансирования дефицита бюджета;22
3023;(Архив) Структура государственного долга города Москвы за 2014 год;108
3041;(Архив) Места запуска праздничных салютов;2
3042;Государственные заказчики города Москвы;5056
3043;Участие поставщиков в закупках для государственных нужд города Москвы;59086
3081;(Архив) Места проведения фестиваля «Пасхальный дар»;7
3082;Аварийные службы по ремонту водопровода, канализации, освещения и отопления в многоквартирных домах;1048
3083;Участки межевания жилых кварталов;32270
3101;Интерактивная карта учреждений культуры города Москвы;1839
3102;Реестр лицензий на осуществление предпринимательской деятельности по управлению многоквартирными домами города Москвы;912
3141;(Архив) Выполнение плана дорожных ремонтных работ по городу Москве в 2017 году;556
3142;Организации дополнительного образования Департамента образования и науки города Москвы;25
3161;(Архив) Тарифы на коммунальные услуги для населения города Москвы на 2017 год;548
3162;Количество семей, получающих субсидию в городе Москве, в различных разрезах;5840
3163;(Архив) Места проведения фестиваля «Времена и эпохи. Собрание»;0
3181;(Архив) XML-схема, используемая для подготовки проектных деклараций в формате XML;1
3201;(Архив) Перечень спортивных мероприятий в Москве на 2017 год;31
3221;Реестр муниципальных маршрутов регулярных перевозок пассажиров и багажа автомобильным и наземным электрическим транспортом в городе Москве;1029
3222;(Архив) Места проведения фестиваля «Московское Лето. Цветочный Джем»;1460
3226;Перечень лиц, уполномоченных на осуществление контроля: МосГИК;30
3227;Аттракционы в торгово-развлекательных комплексах;94
3241;Контракты, заключенные в соответствии с 44-ФЗ: МосГИК;76
3242;График бесплатных семинаров Мосгосэкспертизы по предоставлению государственных услуг в электронном виде;51
3243;График образовательных мероприятий Учебного центра Мосгосэкспертизы;104
3244;Реестр лиц, аттестованных на право подготовки заключений экспертизы проектной документации и (или) экспертизы результатов инженерных изысканий;166
3245;Сезонные кафе при стационарных предприятиях общественного питания, расположенные в парках;33
3246;(Архив) ТОП-25 неплательщиков по начисленным штрафам;25
3247;Пропуска, предоставляющие право на въезд и передвижение грузового автотранспорта в зонах ограничения его движения на территории города Москвы;124821
3248;Дома Москвы за рубежом;7
3249;Подведомственные организации Департамента внешнеэкономических и международных связей города Москвы;2
3250;Список зарубежных городов, регионов и стран - партнеров Москвы;76
3251;План проведения плановых проверок юридических лиц и индивидуальных предпринимателей (Госинспекция по недвижимости);1246
3263;Информация о вводе торгово-бытовых объектов;4
3264;Информация о вводе учебно-воспитательных объектов;8
3265;Остаточный объем сноса пятиэтажных домов «сносимых» серий;4
3266;Показатели текущего выполнения плана по сносу пятиэтажных домов «сносимых» серий;4
3267;Снесённые пятиэтажные дома «сносимых» серий;4
3268;Реестр заключений государственной экспертизы проектной документации и (или) результатов инженерных изысканий;21128
3269;(Архив) Места проведения фестиваля «Юбилей Москвы»;36
3286;Перечень видов животных, обитающих в Московском Зоопарке;525
3287;(Архив) Перечень коллективов в учреждениях культурно-досугового типа, подведомственных Департаменту культуры города Москвы, имеющих звание «Московский городской творческий коллектив», «Ведущий творческий коллектив города Москвы», «Московская городская творческая студия», «Ведущая творческая студия города Москвы» в 2016 году;263
3288;График включения и выключения освещения;366
3289;(Архив) Рейтинг книг, пользовавшихся наибольшим спросом у читателей библиотек в 2016;10
3290;Реестр транспортно-пересадочных узлов, требующих особого режима содержания;92
3291;План проведения плановых проверок юридических лиц и индивидуальных предпринимателей;202
3292;Реестр квалификационных аттестатов, выдаваемых по результатам квалификационного экзамена на знание требований законодательства РФ к осуществлению предпринимательской деятельности по управлению многоквартирными домами в городе Москве;3972
3293;Реестр специальных счетов капитального ремонта многоквартирных домов;3171
3294;Перечень предприятий, получивших статус промышленного комплекса;54
3295;(Архив) Мероприятия по установке подъемных платформ для маломобильных групп населения в рамках реализации Государственной программы «Социальная поддержка жителей города Москвы»;635
3301;Представительства субъектов Российской Федерации в городе Москве;28
3302;Региональные землячества Российской Федерации в городе Москве;42
3304;Стационарные торговые объекты;58058
3305;Адреса центров обслуживания клиентов для подачи заявок на технологическое присоединение к электрическим сетям;7
3306;Контактные данные горячих линий городских энергетических инженерных служб;9
3321;График приема граждан: Общественные пункты охраны порядка в городе Москве;4
3322;Справочник персоналий: Общественные пункты охраны порядка в городе Москве;6
3323;Данные по оказанию общественными пунктами охраны порядка в городе Москве консультативно-правовой помощи населению по административным округам;684
3324;Данные по количеству обращений граждан и коллективных жалоб, поступивших в общественные пункты охраны порядка в городе Москве по административным округам;684
3325;Данные по количеству выявленных общественными пунктами охраны порядка в городе Москве фактов незаконной сдачи жилья в аренду (поднаем) по административным округам;684
3326;Образовательные организации высшего образования, осуществляющие деятельность на территории города Москвы и предоставляющие право на бесплатное оформление социальной карты;285
3327;Образовательные организации высшего образования, осуществляющие деятельность за пределами территории города Москвы и предоставляющие право на бесплатное оформление социальной карты гражданам, имеющим место жительства в городе Москве;20
3328;График приема обучающихся по вопросам оформления социальных карт в образовательных организациях высшего образования города, осуществляющих деятельность за пределами города Москвы и предоставляющих право на бесплатное оформление социальной карты гражданам, имеющим место жительства в городе Москве;88
3329;График приема обучающихся по вопросам оформления социальных карт в образовательных организациях высшего образования города, осуществляющих деятельность на территории города Москвы и предоставляющих право на бесплатное оформление социальной карты;575
3332;(Архив) Пункты приёма на утилизацию деревьев по программе «Ёлочный круговорот 2018»;13
3361;Реестр Центральных городских учреждений, подведомственных Департаменту образования и науки города Москвы, с указанием направлений деятельности;12
3362;Реестр органов государственно-общественного управления в образовательных организациях, подведомственных Департаменту образования и науки города Москвы;606
3363;Результаты независимой оценки качества условий осуществления образовательной деятельности организациями, осуществляющими образовательную деятельность на территории города Москвы;2
3364;Общественный совет при Департаменте образования и науки города Москвы;24
3365;Победители и призёры чемпионатов: «Абилимпикс», «WorldSkills», «JuniorSkills»;3353
3366;Победители и призёры Всероссийской олимпиады профессионального мастерства;180
3367;Сведения о свободных нежилых помещениях, предполагаемых к предоставлению в аренду, расположенных на территории бизнес-инкубаторов, технопарков города Москвы;36
3368;Перечень государственного имущества, свободного от прав третьих лиц, предназначенного для предоставления во владение и (или) пользование субъектам малого и среднего предпринимательства и организациям, образующим инфраструктуру поддержки субъектов малого и среднего предпринимательства;1648
3383;Почетные реставраторы города Москвы;29
3387;Объекты, вошедшие в программу дней исторического и культурного наследия;210
3388;Лауреаты конкурса Правительства Москвы «Московская реставрация»;59
3401;Паллиативная медицинская помощь в стационарных условиях;21
3402;Территориальная программа государственных гарантий бесплатного оказания гражданам медицинской помощи в городе Москве на 2017 год и на плановый период 2018 и 2019 годов;475
3403;Результаты ОГЭ;2248
5942;(Архив) График закрытия родильных домов на профилактическую санитарно-гигиеническую обработку в 2018 году;27
6437;(Архив) Тарифы на коммунальные услуги для населения города Москвы на 2018 год;546
6438;Рейтинг книг, пользовавшихся наибольшим спросом у читателей библиотек по годам;70
6439;(Архив) Планы закупок заказчиков города Москвы;10487
60219;Планы-графики закупок заказчиков города Москвы;11964
60562;Адресный реестр объектов недвижимости города Москвы;406934
60581;Реестр договоров (соглашений) о предоставлении субсидий (грантов) и получателей субсидий (грантов);852
60601;(Архив) Запланированные дорожные ремонтные работы на 2018 год;686
60622;Залы спортивные;2683
60623;Залы теннисные;183
60624;Залы тренажерные;865
60641;Транспортные предприятия, обслуживающие автобусные, троллейбусные и трамвайные маршруты города Москвы;10
60661;Маршруты и остановки наземного городского пассажирского транспорта (Расписание рейсов);7193249
60662;Маршруты и остановки наземного городского пассажирского транспорта (Остановки);12031
60663;Маршруты и остановки наземного городского пассажирского транспорта (Транспортные предприятия);10
60664;Маршруты и остановки наземного городского пассажирского транспорта (Маршруты);1042
60665;Маршруты и остановки наземного городского пассажирского транспорта (Рейсы маршрутов);305675
60666;Маршруты и остановки наземного городского пассажирского транспорта (Календарь маршрутов);1548
60667;Прогноз погоды;1049
60746;Закон о бюджете города Москвы на 2015 год и плановый период 2016 и 2017 годов. Ведомственная структура расходов;6443
60747;Закон о бюджете города Москвы на 2015 год и плановый период 2016 и 2017 годов. Источники финансирования дефицита бюджета;22
60748;Закон о бюджете города Москвы на 2016 год и плановый период 2017 и 2018 годов. Источники финансирования дефицита бюджета;19
60749;Закон о бюджете города Москвы на 2015 год и плановый период 2016 и 2017 годов. Распределение бюджетных ассигнований по государственным программам города Москвы и подпрограммам государственных программ города Москвы;114
60750;Закон о бюджете города Москвы на 2016 год и плановый период 2017 и 2018 годов. Ведомственная структура расходов;6327
60751;Закон о бюджете города Москвы на 2016 год и плановый период 2017 и 2018 годов. Распределение бюджетных ассигнований по государственным программам города Москвы и подпрограммам государственных программ города Москвы;114
60752;Закон о бюджете города Москвы на 2017 год и плановый период 2018 и 2019 годов. Источники финансирования дефицита бюджета;17
60753;Закон о бюджете города Москвы на 2017 год и плановый период 2018 и 2019 годов. Распределение бюджетных ассигнований по государственным программам города Москвы и подпрограммам государственных программ города Москвы;116
60754;Закон о бюджете города Москвы на 2017 год и плановый период 2018 и 2019 годов. Ведомственная структура расходов;6341
60755;Закон о бюджете города Москвы на 2018 год и плановый период 2019 и 2020 годов. Ведомственная структура расходов;6848
60756;Закон о бюджете города Москвы на 2018 год и плановый период 2019 и 2020 годов. Источники финансирования дефицита бюджета;15
60757;Закон о бюджете города Москвы на 2018 год и плановый период 2019 и 2020 годов. Распределение бюджетных ассигнований по государственным программам города Москвы и подпрограммам государственных программ города Москвы;117
60758;Закон об исполнении бюджета города Москвы за 2015. Ведомственная структура расходов;5564
60759;(Архив) Структура государственного долга города Москвы за 2015 год;76
60760;(Архив) Структура государственного долга города Москвы за 2016 год;0
60761;(Архив) Структура государственного долга города Москвы за 2017 год;0
60762;Детские технопарки;18
60763;Территориальная программа государственных гарантий бесплатного оказания гражданам медицинской помощи в городе Москве на 2018 год и на плановый период 2019 и 2020 годов;493
60781;Пункты приема трупов домашних животных;16
60782;Центры бесплатной вакцинации животных против бешенства;27
60783;Дислокация мест размещения медиафасадов на территории города Москвы;86
60784;Подведомственные организации Департамента средств массовой информации и рекламы города Москвы;8
60785;Требования к содержанию и техническому обслуживанию внешнего вида рекламных конструкций;4
60786;Общие требования и порядок обеспечения безопасности рекламных конструкций;3
60787;Требования к территориальному размещению типов рекламных конструкций;15
60788;Wi-Fi в библиотеках;364
60789;Wi-Fi в кинотеатрах;14
60790;Wi-Fi в культурных центрах;203
60801;Пункты пополнения карт «Тройка» и социальных карт учащихся;6888
60802;Пункты пополнения карт «Тройка» и социальных карт учащихся, расположенные вне территории города Москвы;3172
60821;Реестр организаций, имеющих лицензии и осуществляющих на территории города Москвы деятельность по заготовке, хранению, переработке и реализации лома черных металлов, цветных металлов;612
60841;Государственные ведомства и предоставляемые ими услуги, расположенные на территории Государственного бюджетного учреждения города Москвы «Многофункциональный миграционный центр»;1
60842;(Архив) Государственный лесной реестр города Москвы;0
60861;Ботаническая коллекция парка «Зарядье»;155
60863;Геральдический реестр города Москвы;112
60865;Книги-номинанты и победители литературных премий (по годам), находящиеся в каждой государственной публичной библиотеке города Москвы;167
60867;Лауреаты конкурсов в сфере искусств из числа учащихся образовательных учреждений, подведомственных Департаменту культуры города Москвы;7297
60869;Перечень скульптур под открытым небом, расположенных на территории учреждений, подведомственных Департаменту культуры города Москвы;701
60943;Пункты регистрации домашних животных;27
61041;Мероприятия по созданию и благоустройству парков и озелененных территорий;16
61061;Объекты недвижимого имущества на 2014 год, включенные в Перечень торговых, офисных объектов, объектов общественного питания и (или) бытового обслуживания, в отношении которых налоговая база определяется как их кадастровая стоимость;1725
61062;Объекты недвижимого имущества на 2015 год, включенные в Перечень торговых, офисных объектов, объектов общественного питания и (или) бытового обслуживания, в отношении которых налоговая база определяется как их кадастровая стоимость;5099
61063;Объекты недвижимого имущества на 2016 год, включенные в Перечень торговых, офисных объектов, объектов общественного питания и (или) бытового обслуживания, в отношении которых налоговая база определяется как их кадастровая стоимость;6757
61064;Объекты недвижимого имущества на 2017 год, включенные в Перечень торговых, офисных объектов, объектов общественного питания и (или) бытового обслуживания, в отношении которых налоговая база определяется как их кадастровая стоимость;19989
61081;Информация о пунктах выдачи разрешений на получение задержанных транспортных средств;3
61082;Полномочия Московской административной дорожной инспекции;3
61083;Способы оплаты штрафов;3
61087;Сведения о местах нахождения площадок отдыха водителей, стоянках (парковках) маршрутных транспортных средств;174
61101;Отчет о работе Административной комиссии при Правительстве Москвы по делам об административных правонарушениях за прошлый год;10
61103;Принятые меры административного воздействия за грубые нарушения, выявленные при осуществлении ведомственного контроля в соответствии с утвержденным классификатором нарушений;31
61105;Сведения об Административных комиссиях по делам об административных правонарушениях, действующих в городе Москве;137
61121;Перечень спортивных мероприятий;75
61141;График работы и адреса обслуживания Читального зала Центрального государственного архива города Москвы;3
61143;Перечень государственных услуг, оказываемых Главархивом Москвы и подведомственными ему учреждениями;2
61145;Перечень документов, включенных в Государственный реестр уникальных документов Архивного фонда города Москвы;17
61147;План проведения выставок Главархивом Москвы и подведомственными ему государственными архивами города Москвы;14
61149;Тематики запросов с указанием перечня сведений, необходимых для получения государственной услуги города Москвы «Исполнение социально-правовых запросов граждан, связанных с подготовкой и представлением архивной справки, архивной выписки, архивной копии и информационного письма по архивным документам, хранящимся в подведомственных Главному архивному управлению города Москвы архивных учреждениях»;16
61151;(Архив) Перечень проблемных объектов, включенных в Реестр пострадавших граждан города Москвы в соответствии с положениями приказа Минстроя России от 12.08.2016г. № 560/пр;33
61161;Результаты контроля за состоянием благоустройства мест отдыха с купанием;26
61201;(Архив) Пункты приёма на утилизацию деревьев по программе «Ёлочный круговорот 2019»;13
61221;Объекты туристического показа и объекты гостиничного хозяйства города Москвы, приспособленные для лиц с ограниченными возможностями здоровья и людей пожилого возраста;0
61222;Перечень речных маршрутов города Москвы;2
61223;Перечень смотровых площадок, оборудованных стационарными биноклями;6
61225;(Архив) Туристский событийный календарь города Москвы на 2017-2018 годы;28
61241;Перечень непригодных для проживания жилых помещений, расположенных на территории города Москвы;406
61261;Пункты по проведению осмотра животных, нанёсших покусы людям и животным;26
61263;(Архив) График закрытия родильных домов на профилактическую санитарно-гигиеническую обработку в 2019 году;24
61281;Справочник персоналий: Департамент информационных технологий города Москвы;10
61301;Результаты ведомственного контроля Объединением административно-технических инспекций города Москвы за отчётный год;10
61321;Открытый реестр тренеров и специалистов (в том числе педагогов дополнительного образования по дополнительным общеразвивающим программам) в области физической культуры и спорта города Москвы;4288
61342;Победители конкурса «Грантов Мэра Москвы для НКО»;254
61343;План работы Комитета общественных связей города Москвы на полугодие;32
61345;Подведомственные учреждения Комитета общественных связей города Москвы;2
61348;Ресурсные центры некоммерческих организаций Комитета общественных связей города Москвы;11
61350;Неотложная ветеринарная помощь;1
61352;Реестр негосударственных клиник, имеющих соглашение с Комитетом ветеринарии города Москвы на проведение профилактической иммунизации животных;430
61354;Нестационарные торговые объекты, расположенные на землях префектур;1408
61355;Нестационарные торговые объекты, расположенные на особо охраняемых природных территориях;40
61356;Нестационарные торговые объекты, расположенные на территории парков;737
61360;Сезонные кафе при стационарных предприятиях общественного питания;3267
61381;Сведения о численности инвалидов и молодежи квотируемых категорий, осуществляющих трудовую деятельность на квотируемых рабочих местах в соответствии с Законом города Москвы от 22.12.2004 № 90 «О квотировании рабочих мест»;8
61383;Реестр поставщиков социальных услуг;178
61385;Размер минимальной заработной платы в городе Москве;43
61387;Государственные услуги в сфере социальной защиты, предоставляемые исключительно в электронном виде;9
61389;Сведения о востребованности профессий и специальностей на рынке труда города Москвы (по данным банка вакансий службы занятости);20
61391;Доля граждан, использующих механизм получения государственных и муниципальных услуг в электронной форме;1
61401;(Архив) Туристский событийный календарь города Москвы на 2019 год;180
61403;Учетные городские кварталы Троицкого и Новомосковского административных округов города Москвы;2663
61421;(Архив) Тарифы на коммунальные услуги для населения города Москвы на 2019 год;488
61443;График работы судебных участков;438
61445;Территориальная подсудность в соответствии с Законом города Москвы от 15 октября 2003 года № 60 «О создании судебных участков и должностей мировых судей города Москвы»;438
61461;График приема граждан: Департамент предпринимательства и инновационного развития города Москвы;7
61463;Справочник персоналий: Департамент предпринимательства и инновационного развития города Москвы;8
61481;Подъемные платформы для инвалидов в многоквартирных домах;3708
61521;(Архив) Места проведения фестиваля «Московская весна A Cappella»;47
61561;(Архив) Места проведения фестиваля «Николин день»;0
61581;(Архив) Запланированные дорожные ремонтные работы на 2019 год;682
61601;Реестр сведений об управлениях градостроительного регулирования города Москвы;11
61604;Реестр сведений о подведомственных организациях Комитета по архитектуре и градостроительству города Москвы;4
61641;Правила землепользования и застройки;1528
61642;Перечень проектов лауреатов премий Правительства Москвы молодым ученым;212
61644;Реестр документов, зарегистрированных в интегрированной автоматизированной информационной системе обеспечения градостроительной деятельности города Москвы;54414
61661;(Архив) Праздничные мероприятия в День города 2019;0
61663;Реестр исполнительной документации, размещенной на Сводном плане подземных коммуникаций и сооружений в городе Москве;23498
61681;Базовые станции и объекты для их размещения;5485
61701;Расположение стационарных комплексов фотовидеофиксации нарушений Правил дорожного движения Российской Федерации и согласованных мест размещения передвижных комплексов фотовидеофиксации нарушений Правил дорожного движения Российской Федерации;3256
61721;(Архив) Места проведения фестиваля «День народного единства»;0
61745;Управы районов города Москвы;125
61746;Исполнительно-распорядительные органы муниципальных образований города Москвы;146
61762;Опоры наружного освещения;507885
61801;(Архив) Зимние активности парков, подведомственных Департаменту культуры города Москвы;137
61803;Регулярные активности парков, подведомственных Департаменту культуры города Москвы;169
61821;Разрешения на проведение работ по сохранению объектов культурного наследия;2681
61841;(Архив) Пункты приёма на утилизацию деревьев по программе «Ёлочный круговорот 2020»;416
61861;Коворкинги, осуществляющие деятельность при поддержке города Москвы;10
61881;График закрытия акушерских стационаров медицинских организаций государственной системы здравоохранения города Москвы на профилактическую санитарно-гигиеническую обработку в 2020 году;23
61921;Тарифы на коммунальные услуги для населения города Москвы на 2020 год;454
61941;Сведения о заключении брака с участием иностранных граждан;7
61942;Сведения о расторжении брака с участием иностранных граждан;7
61945;Сведения о регистрации перемены имени иностранными гражданами;7
61947;Сведения о регистрации рождения в семьях, где оба родителя или один из родителей иностранные граждане;7
61949;Сведения о регистрации усыновления иностранными гражданами;7
61961;(Архив) Букинисты;0
61963;Валовой региональный продукт (ВРП);2
61965;Денежный доход домашних хозяйств в среднем на одного человека;2
61967;Количество новых патентов в год;7
61969;Количество домохозяйств;2
61971;Расходы на научно-исследовательские и опытно-конструкторские работы (НИОКР);3
61973;Коэффициент Джини;2
61975;Уровень безработицы;3
61977;Коэффициент обслуживания долга (расходы на обслуживание государственного долга в процентах от собственных доходов бюджета субъекта Российской Федерации);1
61979;Доля городских стоков, проходящих первичную очистку;3
61981;Доля городских стоков, проходящих вторичную очистку;3
61983;(Архив) Вам, любимые!;0
62001;Доля городских стоков, проходящих третичную очистку;3
62003;Доля городского населения, обеспеченного услугой отвода сточных вод;3
62005;Доля городского населения, подключенного к питьевому водоснабжению;3
62007;Доля городского населения, имеющего санкционированное подключение к электросети;3
62009;Доля городского населения, имеющего постоянный доступ к улучшенной системе водоснабжения;3
62011;Доля твердых коммунальных отходов, направленных на энергетическую утилизацию;3
62013;Общее энергопотребление;3
62015;Количество подключений к газораспределительным услугам;3
62017;Общее водопотребление на душу населения;3
62019;Потребление тепловой энергии жилыми помещениями;3
62021;Численность постоянного населения в среднем за год;3
62023;Дефлятор валового регионального продукта;2
62025;Индекс потребительских цен (ИПЦ) в среднем за год;3
62042;Процент территории города, обслуживаемой беспроводной широкополосной связью 4G;2
62043;Количество врачей;1
62045;Количество стационарных койко-мест в больницах;1
62047;Средняя ожидаемая продолжительность жизни;1
62050;Километраж системы легковесного общественного транспорта;1
62051;Километраж системы общественного транспорта высокой пропускной способности;1
62053;Количество общих велосипедов;1
62056;Ежегодное количество туристов;2
62058;Выбросы парниковых газов;2
62059;Светофорные объекты на улично-дорожной сети;3204
62061;Межрегиональные ярмарки;34
62081;Туристский событийный календарь города Москвы на 2020 год;30
62082;Количество общественных точек доступа Wi-Fi в городе;6
62101;Запланированные дорожные ремонтные работы на 2020 год;1104
62121;Разрешения на строительство, выданные Департаментом культурного наследия города Москвы;54
62181;(Архив) Праздничные мероприятия в День города 2020;0
62201;Железнодорожные вокзалы Москвы;9
62207;Входы и выходы станций Московских центральных диаметров;190
62221;Работы по благоустройству улиц и общественных пространств в рамках программы «Мой район»;4
62261;Динамика регистрации актов гражданского состояния по кварталам;2
